<?xml version="1.0" encoding="UTF-8"?>
<project-private xmlns="http://www.netbeans.org/ns/project-private/1">
    <editor-bookmarks xmlns="http://www.netbeans.org/ns/editor-bookmarks/2" lastBookmarkId="0"/>
    <open-files xmlns="http://www.netbeans.org/ns/projectui-open-files/2">
        <group>
            <file>file:/C:/Users/kmoag/OneDrive/المستندات/NetBeansProjects/PharmaCare/src/pharmacare/User.java</file>
            <file>file:/C:/Users/kmoag/OneDrive/المستندات/NetBeansProjects/PharmaCare/src/pharmacare/Medicine.java</file>
            <file>file:/C:/Users/kmoag/OneDrive/المستندات/NetBeansProjects/PharmaCare/src/pharmacare/MakeOrder.java</file>
            <file>file:/C:/Users/kmoag/OneDrive/المستندات/NetBeansProjects/PharmaCare/src/pharmacare/PharmaCare.java</file>
            <file>file:/C:/Users/kmoag/OneDrive/المستندات/NetBeansProjects/PharmaCare/src/pharmacare/Pharmacist.java</file>
            <file>file:/C:/Users/kmoag/OneDrive/المستندات/NetBeansProjects/PharmaCare/src/pharmacare/Doctor.java</file>
            <file>file:/C:/Users/kmoag/OneDrive/المستندات/NetBeansProjects/PharmaCare/src/pharmacare/Patient.java</file>
        </group>
    </open-files>
</project-private>
